{
	"1008548409": {
		"id": 1008548409,
		"info": {
			"macAddress": "9296d9f7fb842cb3",
			"keepAlive": 30,
			"active": true,
			"typeGateway": false,
			"name": "PG-44",
			"location": {
				"latitude": 43500,
				"longitude": 0,
				"altitude": 0
			},
			"ip": "",
			"port": ""
		}
	},
	"1058022922": {
		"id": 1058022922,
		"info": {
			"macAddress": "845295e34f188ded",
			"keepAlive": 30,
			"active": true,
			"typeGateway": false,
			"name": "PG-46",
			"location": {
				"latitude": 45500,
				"longitude": 0,
				"altitude": 0
			},
			"ip": "",
			"port": ""
		}
	},
	"1090891354": {
		"id": 1090891354,
		"info": {
			"macAddress": "ba505164f1bef55a",
			"keepAlive": 30,
			"active": true,
			"typeGateway": false,
			"name": "PG-17",
			"location": {
				"latitude": 16500,
				"longitude": 0,
				"altitude": 0
			},
			"ip": "",
			"port": ""
		}
	},
	"1092192003": {
		"id": 1092192003,
		"info": {
			"macAddress": "738cffb83f08afb9",
			"keepAlive": 30,
			"active": true,
			"typeGateway": false,
			"name": "PG-14",
			"location": {
				"latitude": 13500,
				"longitude": 0,
				"altitude": 0
			},
			"ip": "",
			"port": ""
		}
	},
	"1122448004": {
		"id": 1122448004,
		"info": {
			"macAddress": "a7de0e7e7bb12a93",
			"keepAlive": 30,
			"active": true,
			"typeGateway": false,
			"name": "PG-36",
			"location": {
				"latitude": 35500,
				"longitude": 0,
				"altitude": 0
			},
			"ip": "",
			"port": ""
		}
	},
	"1139428774": {
		"id": 1139428774,
		"info": {
			"macAddress": "fe6a6bf9db8cf30f",
			"keepAlive": 30,
			"active": true,
			"typeGateway": false,
			"name": "PG-9",
			"location": {
				"latitude": 8500,
				"longitude": 0,
				"altitude": 0
			},
			"ip": "",
			"port": ""
		}
	},
	"1275688007": {
		"id": 1275688007,
		"info": {
			"macAddress": "77e7ea9f0f201d93",
			"keepAlive": 30,
			"active": true,
			"typeGateway": false,
			"name": "PG-23",
			"location": {
				"latitude": 22500,
				"longitude": 0,
				"altitude": 0
			},
			"ip": "",
			"port": ""
		}
	},
	"1418621283": {
		"id": 1418621283,
		"info": {
			"macAddress": "59f75f9b91d2c549",
			"keepAlive": 30,
			"active": true,
			"typeGateway": false,
			"name": "PG-30",
			"location": {
				"latitude": 29500,
				"longitude": 0,
				"altitude": 0
			},
			"ip": "",
			"port": ""
		}
	},
	"1459225888": {
		"id": 1459225888,
		"info": {
			"macAddress": "ac186d7e8c40603b",
			"keepAlive": 30,
			"active": true,
			"typeGateway": false,
			"name": "PG-13",
			"location": {
				"latitude": 12500,
				"longitude": 0,
				"altitude": 0
			},
			"ip": "",
			"port": ""
		}
	},
	"1567622418": {
		"id": 1567622418,
		"info": {
			"macAddress": "929aa75a266a8227",
			"keepAlive": 30,
			"active": true,
			"typeGateway": false,
			"name": "PG-20",
			"location": {
				"latitude": 19500,
				"longitude": 0,
				"altitude": 0
			},
			"ip": "",
			"port": ""
		}
	},
	"168880273": {
		"id": 168880273,
		"info": {
			"macAddress": "d504addb7b056b86",
			"keepAlive": 30,
			"active": true,
			"typeGateway": false,
			"name": "PG-5",
			"location": {
				"latitude": 4500,
				"longitude": 0,
				"altitude": 0
			},
			"ip": "",
			"port": ""
		}
	},
	"1824990133": {
		"id": 1824990133,
		"info": {
			"macAddress": "88968ab01e6ba245",
			"keepAlive": 30,
			"active": true,
			"typeGateway": false,
			"name": "PG-38",
			"location": {
				"latitude": 37500,
				"longitude": 0,
				"altitude": 0
			},
			"ip": "",
			"port": ""
		}
	},
	"1856596946": {
		"id": 1856596946,
		"info": {
			"macAddress": "9bbd84282560bd14",
			"keepAlive": 30,
			"active": true,
			"typeGateway": false,
			"name": "PG-45",
			"location": {
				"latitude": 44500,
				"longitude": 0,
				"altitude": 0
			},
			"ip": "",
			"port": ""
		}
	},
	"1860231891": {
		"id": 1860231891,
		"info": {
			"macAddress": "8ff8dac9a3176889",
			"keepAlive": 30,
			"active": true,
			"typeGateway": false,
			"name": "PG-12",
			"location": {
				"latitude": 11500,
				"longitude": 0,
				"altitude": 0
			},
			"ip": "",
			"port": ""
		}
	},
	"1917810218": {
		"id": 1917810218,
		"info": {
			"macAddress": "453580cd2f9e8cdd",
			"keepAlive": 30,
			"active": true,
			"typeGateway": false,
			"name": "PG-15",
			"location": {
				"latitude": 14500,
				"longitude": 0,
				"altitude": 0
			},
			"ip": "",
			"port": ""
		}
	},
	"1951027958": {
		"id": 1951027958,
		"info": {
			"macAddress": "b6f7eecc64772cf3",
			"keepAlive": 30,
			"active": true,
			"typeGateway": false,
			"name": "PG-40",
			"location": {
				"latitude": 39500,
				"longitude": 0,
				"altitude": 0
			},
			"ip": "",
			"port": ""
		}
	},
	"2042855601": {
		"id": 2042855601,
		"info": {
			"macAddress": "ccfeac31ed6c4173",
			"keepAlive": 30,
			"active": true,
			"typeGateway": false,
			"name": "PG-4",
			"location": {
				"latitude": 3500,
				"longitude": 0,
				"altitude": 0
			},
			"ip": "",
			"port": ""
		}
	},
	"2118665219": {
		"id": 2118665219,
		"info": {
			"macAddress": "d71a6982a1c6e372",
			"keepAlive": 30,
			"active": true,
			"typeGateway": false,
			"name": "PG-35",
			"location": {
				"latitude": 34500,
				"longitude": 0,
				"altitude": 0
			},
			"ip": "",
			"port": ""
		}
	},
	"2131803732": {
		"id": 2131803732,
		"info": {
			"macAddress": "650135fbf0a2840b",
			"keepAlive": 30,
			"active": true,
			"typeGateway": false,
			"name": "PG-43",
			"location": {
				"latitude": 42500,
				"longitude": 0,
				"altitude": 0
			},
			"ip": "",
			"port": ""
		}
	},
	"2321613848": {
		"id": 2321613848,
		"info": {
			"macAddress": "9850b3df64cffb4e",
			"keepAlive": 30,
			"active": true,
			"typeGateway": false,
			"name": "PG-29",
			"location": {
				"latitude": 28500,
				"longitude": 0,
				"altitude": 0
			},
			"ip": "",
			"port": ""
		}
	},
	"2404711183": {
		"id": 2404711183,
		"info": {
			"macAddress": "e0cec26f20b0a038",
			"keepAlive": 30,
			"active": true,
			"typeGateway": false,
			"name": "PG-41",
			"location": {
				"latitude": 40500,
				"longitude": 0,
				"altitude": 0
			},
			"ip": "",
			"port": ""
		}
	},
	"243121005": {
		"id": 243121005,
		"info": {
			"macAddress": "eddaffbf37b33fdb",
			"keepAlive": 30,
			"active": true,
			"typeGateway": false,
			"name": "PG-33",
			"location": {
				"latitude": 32500,
				"longitude": 0,
				"altitude": 0
			},
			"ip": "",
			"port": ""
		}
	},
	"2526594033": {
		"id": 2526594033,
		"info": {
			"macAddress": "b2677a8adb71bdac",
			"keepAlive": 30,
			"active": true,
			"typeGateway": false,
			"name": "PG-32",
			"location": {
				"latitude": 31500,
				"longitude": 0,
				"altitude": 0
			},
			"ip": "",
			"port": ""
		}
	},
	"2558110946": {
		"id": 2558110946,
		"info": {
			"macAddress": "4af060cf5594467e",
			"keepAlive": 30,
			"active": true,
			"typeGateway": false,
			"name": "PG-18",
			"location": {
				"latitude": 17500,
				"longitude": 0,
				"altitude": 0
			},
			"ip": "",
			"port": ""
		}
	},
	"2587561419": {
		"id": 2587561419,
		"info": {
			"macAddress": "742a2fe2013084e2",
			"keepAlive": 30,
			"active": true,
			"typeGateway": false,
			"name": "PG-50",
			"location": {
				"latitude": 49500,
				"longitude": 0,
				"altitude": 0
			},
			"ip": "",
			"port": ""
		}
	},
	"2768918861": {
		"id": 2768918861,
		"info": {
			"macAddress": "f79f5a28fe4d280a",
			"keepAlive": 30,
			"active": true,
			"typeGateway": false,
			"name": "PG-7",
			"location": {
				"latitude": 6500,
				"longitude": 0,
				"altitude": 0
			},
			"ip": "",
			"port": ""
		}
	},
	"2794209363": {
		"id": 2794209363,
		"info": {
			"macAddress": "22e00c9abf761d93",
			"keepAlive": 30,
			"active": true,
			"typeGateway": false,
			"name": "PG-2",
			"location": {
				"latitude": 1500,
				"longitude": 0,
				"altitude": 0
			},
			"ip": "",
			"port": ""
		}
	},
	"2867044918": {
		"id": 2867044918,
		"info": {
			"macAddress": "15fd86acfb75d3e3",
			"keepAlive": 30,
			"active": true,
			"typeGateway": false,
			"name": "PG-49",
			"location": {
				"latitude": 48500,
				"longitude": 0,
				"altitude": 0
			},
			"ip": "",
			"port": ""
		}
	},
	"2881918135": {
		"id": 2881918135,
		"info": {
			"macAddress": "dcecc23fa7bff86e",
			"keepAlive": 30,
			"active": true,
			"typeGateway": false,
			"name": "PG-28",
			"location": {
				"latitude": 27500,
				"longitude": 0,
				"altitude": 0
			},
			"ip": "",
			"port": ""
		}
	},
	"2916886533": {
		"id": 2916886533,
		"info": {
			"macAddress": "4e30d32b24bb2cd0",
			"keepAlive": 30,
			"active": true,
			"typeGateway": false,
			"name": "PG-39",
			"location": {
				"latitude": 38500,
				"longitude": 0,
				"altitude": 0
			},
			"ip": "",
			"port": ""
		}
	},
	"2984726289": {
		"id": 2984726289,
		"info": {
			"macAddress": "220e5615dbd8b190",
			"keepAlive": 30,
			"active": true,
			"typeGateway": false,
			"name": "PG-34",
			"location": {
				"latitude": 33500,
				"longitude": 0,
				"altitude": 0
			},
			"ip": "",
			"port": ""
		}
	},
	"2993993893": {
		"id": 2993993893,
		"info": {
			"macAddress": "8a4b7037d2acbaef",
			"keepAlive": 30,
			"active": true,
			"typeGateway": false,
			"name": "PG-24",
			"location": {
				"latitude": 23500,
				"longitude": 0,
				"altitude": 0
			},
			"ip": "",
			"port": ""
		}
	},
	"3179802414": {
		"id": 3179802414,
		"info": {
			"macAddress": "455f50773107b26a",
			"keepAlive": 30,
			"active": true,
			"typeGateway": false,
			"name": "PG-21",
			"location": {
				"latitude": 20500,
				"longitude": 0,
				"altitude": 0
			},
			"ip": "",
			"port": ""
		}
	},
	"3298336382": {
		"id": 3298336382,
		"info": {
			"macAddress": "3985122b4aae9d1b",
			"keepAlive": 30,
			"active": true,
			"typeGateway": false,
			"name": "PG-19",
			"location": {
				"latitude": 18500,
				"longitude": 0,
				"altitude": 0
			},
			"ip": "",
			"port": ""
		}
	},
	"3358353413": {
		"id": 3358353413,
		"info": {
			"macAddress": "3b2a11a1bd23dea5",
			"keepAlive": 30,
			"active": true,
			"typeGateway": false,
			"name": "PG-37",
			"location": {
				"latitude": 36500,
				"longitude": 0,
				"altitude": 0
			},
			"ip": "",
			"port": ""
		}
	},
	"3448160127": {
		"id": 3448160127,
		"info": {
			"macAddress": "52a134dc706f6978",
			"keepAlive": 30,
			"active": true,
			"typeGateway": false,
			"name": "PG-1",
			"location": {
				"latitude": 500,
				"longitude": 0,
				"altitude": 0
			},
			"ip": "",
			"port": ""
		}
	},
	"3460314302": {
		"id": 3460314302,
		"info": {
			"macAddress": "22b33f30ac17004f",
			"keepAlive": 30,
			"active": true,
			"typeGateway": false,
			"name": "PG-42",
			"location": {
				"latitude": 41500,
				"longitude": 0,
				"altitude": 0
			},
			"ip": "",
			"port": ""
		}
	},
	"3543201563": {
		"id": 3543201563,
		"info": {
			"macAddress": "806428b1ddaee14e",
			"keepAlive": 30,
			"active": true,
			"typeGateway": false,
			"name": "PG-3",
			"location": {
				"latitude": 2500,
				"longitude": 0,
				"altitude": 0
			},
			"ip": "",
			"port": ""
		}
	},
	"3544504096": {
		"id": 3544504096,
		"info": {
			"macAddress": "100ae3a18a252d43",
			"keepAlive": 30,
			"active": true,
			"typeGateway": false,
			"name": "PG-16",
			"location": {
				"latitude": 15500,
				"longitude": 0,
				"altitude": 0
			},
			"ip": "",
			"port": ""
		}
	},
	"3569425731": {
		"id": 3569425731,
		"info": {
			"macAddress": "e6e947df0cfa5e0b",
			"keepAlive": 30,
			"active": true,
			"typeGateway": false,
			"name": "PG-31",
			"location": {
				"latitude": 30500,
				"longitude": 0,
				"altitude": 0
			},
			"ip": "",
			"port": ""
		}
	},
	"3617289949": {
		"id": 3617289949,
		"info": {
			"macAddress": "8adad1554d4c6172",
			"keepAlive": 30,
			"active": true,
			"typeGateway": false,
			"name": "PG-10",
			"location": {
				"latitude": 9500,
				"longitude": 0,
				"altitude": 0
			},
			"ip": "",
			"port": ""
		}
	},
	"3743121592": {
		"id": 3743121592,
		"info": {
			"macAddress": "55b0c05a511e6d37",
			"keepAlive": 30,
			"active": true,
			"typeGateway": false,
			"name": "PG-25",
			"location": {
				"latitude": 24500,
				"longitude": 0,
				"altitude": 0
			},
			"ip": "",
			"port": ""
		}
	},
	"3947410622": {
		"id": 3947410622,
		"info": {
			"macAddress": "e614c37557a015a3",
			"keepAlive": 30,
			"active": true,
			"typeGateway": false,
			"name": "PG-47",
			"location": {
				"latitude": 46500,
				"longitude": 0,
				"altitude": 0
			},
			"ip": "",
			"port": ""
		}
	},
	"3955804049": {
		"id": 3955804049,
		"info": {
			"macAddress": "faaf0cedc4145c17",
			"keepAlive": 30,
			"active": true,
			"typeGateway": false,
			"name": "PG-11",
			"location": {
				"latitude": 10500,
				"longitude": 0,
				"altitude": 0
			},
			"ip": "",
			"port": ""
		}
	},
	"3981212816": {
		"id": 3981212816,
		"info": {
			"macAddress": "74c28adcd1ce9c7c",
			"keepAlive": 30,
			"active": true,
			"typeGateway": false,
			"name": "PG-26",
			"location": {
				"latitude": 25500,
				"longitude": 0,
				"altitude": 0
			},
			"ip": "",
			"port": ""
		}
	},
	"3983301521": {
		"id": 3983301521,
		"info": {
			"macAddress": "70d231731373767a",
			"keepAlive": 30,
			"active": true,
			"typeGateway": false,
			"name": "PG-6",
			"location": {
				"latitude": 5500,
				"longitude": 0,
				"altitude": 0
			},
			"ip": "",
			"port": ""
		}
	},
	"4037372255": {
		"id": 4037372255,
		"info": {
			"macAddress": "a4b3cd0394154577",
			"keepAlive": 30,
			"active": true,
			"typeGateway": false,
			"name": "PG-22",
			"location": {
				"latitude": 21500,
				"longitude": 0,
				"altitude": 0
			},
			"ip": "",
			"port": ""
		}
	},
	"4092673991": {
		"id": 4092673991,
		"info": {
			"macAddress": "bc52c28e614ee62a",
			"keepAlive": 30,
			"active": true,
			"typeGateway": false,
			"name": "PG-8",
			"location": {
				"latitude": 7500,
				"longitude": 0,
				"altitude": 0
			},
			"ip": "",
			"port": ""
		}
	},
	"65292767": {
		"id": 65292767,
		"info": {
			"macAddress": "b9c06ea659d1d38f",
			"keepAlive": 30,
			"active": true,
			"typeGateway": false,
			"name": "PG-48",
			"location": {
				"latitude": 47500,
				"longitude": 0,
				"altitude": 0
			},
			"ip": "",
			"port": ""
		}
	},
	"715310345": {
		"id": 715310345,
		"info": {
			"macAddress": "b580f442e6472ae5",
			"keepAlive": 30,
			"active": true,
			"typeGateway": false,
			"name": "PG-27",
			"location": {
				"latitude": 26500,
				"longitude": 0,
				"altitude": 0
			},
			"ip": "",
			"port": ""
		}
	}
}